{
    "keep": {
        "days": true,
        "amount": 14
    },
    "auditLog": "tmp\\logs\\.e10f36bbc4a55945aad553833a179d04af3070bf-audit.json",
    "files": [
        {
            "date": 1767609014945,
            "name": "tmp\\logs\\bot-activity-2026-01-05.log",
            "hash": "6b4068d8431fa347c4b66b0344d387813895871f9b1d0d6af3d27842747bd08a"
        },
        {
            "date": 1768195943699,
            "name": "tmp\\logs\\bot-activity-2026-01-12.log",
            "hash": "b0422e558c14c992c66efd44581b5ee5bce343eb0e2e5d24d9203bf4ff7d7343"
        }
    ],
    "hashType": "sha256"
}