{
  "owner": {
    "createdAt": "2025-10-30T10:00:41.874Z",
    "updatedAt": "2025-12-06T16:16:19.433Z",
    "list": {
      "harga bot": {
        "content": {
          "text": " 𝙷𝙰𝚁𝙶𝙰 𝙱𝙾𝚃 𝙼𝙳\n5𝙺/𝙱𝚄𝙻𝙰𝙽 𝙽𝙾 𝙱𝙾𝙽𝚄𝚂\n10𝙺/𝙱𝚄𝙻𝙰𝙽 𝙱𝙾𝙽𝚄𝚂 𝙻𝙸𝙼𝙸𝚃\n15𝙺/𝙱𝚄𝙻𝙰𝙽 𝙼𝙴𝙼𝙱𝙴𝚁 𝚅𝙸𝙿\n𝙾𝚠𝚗𝚎𝚛 50𝚔/𝚋𝚞𝚕𝚊𝚗\n𝙿𝙴𝚁𝙼𝙰𝙽𝙴𝙽 150k+owner",
          "media": null
        },
        "addedAt": "2025-11-04T05:24:39.897Z"
      },
      "payment": {
        "content": {
          "text": " Payment Shiroo\n\nSeabank : 901888937357\nBri : 734201015484 531\nDana : 081523974340\nOvo : 081341127072\nShopeepay : 081341127072\nGO-PAY : 081341127072",
          "media": "image_1765037779395.jpg"
        },
        "addedAt": "2025-12-06T16:16:19.433Z"
      }
    }
  },
  "120363420205478369@g.us": {
    "createdAt": "2025-10-31T03:15:29.562Z",
    "updatedAt": "2025-12-24T12:19:37.533Z",
    "list": {
      "ttmod": {
        "content": {
          "text": "-",
          "media": "TikTok_18.2.3_apkcombo.com.apk"
        },
        "addedAt": "2025-10-31T03:15:29.562Z"
      },
      "welcome": {
        "content": {
          "text": "Selamat datang @name semoga betah😜",
          "media": null
        },
        "addedAt": "2025-10-31T03:19:09.058Z"
      },
      "cn": {
        "content": {
          "text": " CN TT : 𝟒𝟐𝟏/𝐂𝐰𝐥𝐳𝐲./𝐜𝐰𝐥𝐳𝐲,\nBIO TT : 𝐏𝐚𝐫𝐭 𝐎𝐟 𝐅𝐨𝐮𝐫𝐭𝐳𝐜𝐰𝐥𝐳𝐲",
          "media": null
        },
        "updatedAt": "2025-12-16T15:24:13.488Z"
      },
      "logo": {
        "content": {
          "text": "✅ _Success Kak_",
          "media": "image_1762640106969.jpg"
        },
        "addedAt": "2025-11-08T22:15:07.343Z"
      },
      "intro": {
        "content": {
          "text": " \n𝙉𝙚𝙬 𝙈𝙚𝙢𝙗𝙚𝙧 𝘾𝙬𝙡𝙯𝙮\n 𝑵𝑨𝑴𝑨 : \n𝑮𝑬𝑵𝑫𝑬𝑹 : \n𝑨𝑺𝑨𝑳 : \n𝑨𝑳𝑨𝑺𝑨𝑵 𝑱𝑶𝑰𝑵 : \n\n𝑮𝒓𝒆𝒆𝒕𝒊𝒏𝒈 𝒂𝒍𝒍\n𝑻𝒉𝒂𝒏𝒌 𝒚𝒐𝒖.",
          "media": "image_1764604283117.jpg"
        },
        "updatedAt": "2025-12-01T15:51:23.126Z"
      },
      "link ah": {
        "content": {
          "text": "𝙇𝙄𝙉𝙆 𝘿𝘾 : https://discord.gg/GKyR8D83m\n—\n𝙇𝙄𝙉𝙆 𝙎𝘼𝙇𝙐𝙍𝘼𝙉 : https://whatsapp.com/channel/0029VbBG9hlCRs1p5nQBNb34\n—\n𝙇𝙄𝙉𝙆 𝙏𝙏 𝙊𝙁𝙁𝙄𝘾𝙄𝘼𝙇 : https://www.tiktok.com/@teamcwlzy?_t=ZS-8zaHbbyIXsW&_r=1",
          "media": null
        },
        "updatedAt": "2025-11-10T12:10:16.684Z"
      },
      "ttmod2": {
        "content": {
          "text": "-",
          "media": "TikTok_18.2.3_apkcombo.com.apk"
        },
        "addedAt": "2025-12-20T18:07:05.425Z"
      },
      "logo2": {
        "content": {
          "text": "✅ _Success Kak_",
          "media": "image_1766254097650.jpg"
        },
        "addedAt": "2025-12-20T18:08:18.314Z"
      },
      "intro2": {
        "content": {
          "text": "*WELCOME TO FOURTZCWLZY* \n*CARD NEW MEM*\n\n𝙉𝙚𝙬 𝙈𝙚𝙢𝙗𝙚𝙧 𝘾𝙬𝙡𝙯𝙮\n 𝑵𝑨𝑴𝑨 : \n𝑮𝑬𝑵𝑫𝑬𝑹 : \n𝑨𝑺𝑨𝑳 : \n𝑨𝑳𝑨𝑺𝑨𝑵 𝑱𝑶𝑰𝑵 : \n\n𝑮𝒓𝒆𝒆𝒕𝒊𝒏𝒈 𝒂𝒍𝒍\n𝑻𝒉𝒂𝒏𝒌 𝒚𝒐𝒖.",
          "media": null
        },
        "addedAt": "2025-12-20T18:12:45.674Z"
      },
      "poster": {
        "content": {
          "text": "✅ _Success Kak_",
          "media": "image_1766576431119.jpg"
        },
        "addedAt": "2025-12-24T11:40:31.146Z"
      },
      "poster2": {
        "content": {
          "text": "@236253417050121",
          "media": "image_1766578777251.jpg"
        },
        "addedAt": "2025-12-24T12:19:37.533Z"
      }
    }
  },
  "120363393180534701@g.us": {
    "createdAt": "2025-11-03T14:33:30.405Z",
    "updatedAt": "2025-11-03T14:48:20.870Z",
    "list": {
      "intro": {
        "content": {
          "text": "*Welcome member baruu*\n \nSilahkan intro \nNickname pubg: \nNama : \nAsal :\nMan/ladies :\nStatus:.\nUsia:\n\nSemoga betah yakk",
          "media": null
        },
        "addedAt": "2025-11-03T14:33:30.406Z"
      },
      "ijin": {
        "content": {
          "text": "YANG TIDAK BISA IKUT SC \nHari,tanggal\n\n1.\n2.\n3.\n4.\n5.\n\nSemoga lain kali bisa ikut yahh🤗",
          "media": null
        },
        "addedAt": "2025-11-03T14:44:57.078Z"
      },
      "cn": {
        "content": {
          "text": "RBL〆(name)",
          "media": null
        },
        "addedAt": "2025-11-03T14:48:20.870Z"
      }
    }
  },
  "120363344871969721@g.us": {
    "createdAt": "2025-11-28T06:13:51.398Z",
    "updatedAt": "2025-12-06T11:29:07.048Z",
    "list": {
      "intro": {
        "content": {
          "text": "*Welcome hama baruu*\n \nSilahkan intro \nNickname ML: \nNama : \nAsal :\nMan/ladies :\nStatus:.\nUsia:\n\nSemoga betah yakk",
          "media": null
        },
        "addedAt": "2025-11-28T06:13:51.398Z"
      },
      "cn": {
        "content": {
          "text": "𝟏𝟎𝟓\n𝑷𝒂𝒓𝒕 𝒐𝒇 𝑴𝒚𝒕𝒉𝒊𝒄𝒂𝒍 𝑭𝒍𝒐𝒘𝒊𝒆",
          "media": null
        },
        "addedAt": "2025-11-28T06:14:53.635Z"
      },
      "profil": {
        "content": {
          "text": "-",
          "media": "image_1764457857008.jpg"
        },
        "addedAt": "2025-11-29T23:10:57.015Z"
      },
      "poster": {
        "content": {
          "text": "-",
          "media": "image_1765020547035.jpg"
        },
        "addedAt": "2025-12-06T11:29:07.048Z"
      }
    }
  },
  "120363330477743237@g.us": {
    "createdAt": "2025-11-29T12:45:31.003Z",
    "updatedAt": "2025-11-29T12:45:50.431Z",
    "list": {
      "intro": {
        "content": {
          "text": "SILAHKAN BACA RULES DI DESK YA\n\n*Kirim 1 foto disini!*\nNama : \nUmur : \nasal kota : \nAkun tiktok :\nCe/Co :\n*Alasan masuk 105 :*\n\nTulis nama akun \n• Ml :        \n\nSilahkan follow akun tt sq : https://www.tiktok.com/@_mythicalflowie?_t=8qm5QezH3ua&_r=1\n\n\n*DIISI DULU YA & DIHARAPKAN CN SERTA FOLLOW AKUN SQUAD*",
          "media": null
        },
        "addedAt": "2025-11-29T12:45:31.003Z"
      },
      "cn": {
        "content": {
          "text": "𝟏𝟎𝟓\n𝑷𝒂𝒓𝒕 𝒐𝒇 𝑴𝒚𝒕𝒉𝒊𝒄𝒂𝒍 𝑭𝒍𝒐𝒘𝒊𝒆",
          "media": null
        },
        "addedAt": "2025-11-29T12:45:50.431Z"
      }
    }
  },
  "120363424963143991@g.us": {
    "createdAt": "2025-12-03T06:10:59.122Z",
    "updatedAt": "2026-01-06T13:41:27.595Z",
    "list": {
      "cn": {
        "content": {
          "text": "cn : 𝟕𝟏𝟕 (nama)\nbio: 𝟕𝟏𝟕 𝐒𝐓𖤐𝐑𝐈𝐎𝐑𝐒",
          "media": null
        },
        "addedAt": "2025-12-03T06:13:12.829Z"
      },
      "logo": {
        "content": {
          "text": "-",
          "media": "image_1764742434901.jpg"
        },
        "addedAt": "2025-12-03T06:13:54.911Z"
      }
    }
  },
  "120363389946458709@g.us": {
    "createdAt": "2025-12-08T11:53:05.640Z",
    "updatedAt": "2025-12-08T11:53:05.640Z",
    "list": {
      "intro": {
        "content": {
          "text": " ˚   ·. ·\n         ˚꒰ ꒰ *Intro Card* ˚ˑ 𓆡 ͎·˚\n︶︶︶︶︶︶︶︶︶༉‧₊˚.\n\n𝐍𝐚𝐦𝐚:\n𝐔𝐦𝐮𝐫:\n𝐀𝐬𝐤𝐨𝐭:\n𝐑𝐨𝐥𝐞:\n𝐇𝐢𝐠𝐡 𝐫𝐚𝐧𝐤:\n\n\n> 𝑻𝒉𝒂𝒏𝒌 𝒚𝒐𝒖 ʚɞ",
          "media": null
        },
        "addedAt": "2025-12-08T11:53:05.640Z"
      }
    }
  }
}