{
  "120363405078309757@g.us": {
    "linkGrub": "https://chat.whatsapp.com/CQpFAoBTQ4267wgh5pi4Hx",
    "start": "14 December 2025",
    "expired": 1773503503332,
    "createdAt": "2025-11-14T14:53:28.858Z",
    "updatedAt": "2025-12-14T13:52:45.881Z"
  },
  "120363420205478369@g.us": {
    "linkGrub": "120363420205478369@g.us",
    "start": "20 November 2025",
    "expired": 1768792888349,
    "createdAt": "2025-11-20T02:21:28.349Z",
    "updatedAt": "2025-11-20T02:21:28.349Z"
  },
  "120363424963143991@g.us": {
    "linkGrub": "https://chat.whatsapp.com/IVqo4ViCeYHDXE1WIdXSIo",
    "start": "01 January 2026",
    "expired": 1770011074523,
    "createdAt": "2025-12-03T06:03:56.608Z",
    "updatedAt": "2026-01-01T04:44:36.087Z"
  },
  "120363421947511929@g.us": {
    "linkGrub": "https://chat.whatsapp.com/LPPALnVGIya3WKoW7vkk7a",
    "start": "05 December 2025",
    "expired": 1769791555961,
    "createdAt": "2025-12-04T14:07:46.173Z",
    "updatedAt": "2025-12-05T15:45:56.961Z"
  },
  "120363424316031276@g.us": {
    "linkGrub": "https://chat.whatsapp.com/Ba92kSIBCJm8yqt6SwScer",
    "start": "03 January 2026",
    "expired": 1770184893400,
    "createdAt": "2025-12-07T03:20:26.744Z",
    "updatedAt": "2026-01-03T05:01:35.083Z"
  },
  "120363422291827607@g.us": {
    "linkGrub": "https://chat.whatsapp.com/IWSbohSXrEK6Vzh4XqZjul",
    "start": "24 December 2025",
    "expired": 1771783452262,
    "createdAt": "2025-12-24T16:04:13.548Z",
    "updatedAt": "2026-01-04T10:09:14.963Z"
  },
  "120363422110563416@g.us": {
    "linkGrub": "https://chat.whatsapp.com/BR1YrqugmZCDH4ICJb6Ua7",
    "start": "29 December 2025",
    "expired": 1769599250332,
    "createdAt": "2025-12-29T10:20:51.712Z",
    "updatedAt": "2025-12-29T10:20:51.712Z"
  },
  "120363404677257578@g.us": {
    "linkGrub": "https://chat.whatsapp.com/IioWkVNhdKt4y3T7i8pEKF",
    "start": "01 January 2026",
    "expired": 1769865332129,
    "createdAt": "2026-01-01T12:15:34.132Z",
    "updatedAt": "2026-01-01T12:15:34.132Z"
  }
}